--
-- PostgreSQL database dump
--

-- Dumped from database version 14.4
-- Dumped by pg_dump version 14.4

SET statement_timeout = 0;
SET lock_timeout = 0;
SET idle_in_transaction_session_timeout = 0;
SET client_encoding = 'UTF8';
SET standard_conforming_strings = on;
SELECT pg_catalog.set_config('search_path', '', false);
SET check_function_bodies = false;
SET xmloption = content;
SET client_min_messages = warning;
SET row_security = off;

--
-- Data for Name: users; Type: TABLE DATA; Schema: public; Owner: postgres
--

INSERT INTO public.users (id, name, token, created_at) VALUES (1, 'User1', 'df77c9be-67fb-44b9-a15c-8146131e2d14', '2025-05-17 12:12:56.421209');
INSERT INTO public.users (id, name, token, created_at) VALUES (2, 'User2', 'd5a80990-4c1b-442e-af01-6a868e074e93', '2025-05-17 12:12:56.421209');
INSERT INTO public.users (id, name, token, created_at) VALUES (3, 'user3', '752f5129-c7c5-437a-b676-fca66efe2677', '2025-05-18 18:37:30.508788');
INSERT INTO public.users (id, name, token, created_at) VALUES (4, 'user4', '5255021d-74ae-42c4-8e6f-1c3562ecd125', '2025-05-18 18:37:30.508788');
INSERT INTO public.users (id, name, token, created_at) VALUES (5, 'user5', 'c029a858-2be8-40a3-8a88-c6dd46705407', '2025-05-18 18:37:30.508788');
INSERT INTO public.users (id, name, token, created_at) VALUES (6, 'user6', '127181aa-d1ce-41ae-b170-05d06547d014', '2025-05-18 18:37:30.508788');
INSERT INTO public.users (id, name, token, created_at) VALUES (7, 'user7', 'a0c49f94-dbfc-422b-945b-9597c0dde4b3', '2025-05-18 18:37:30.508788');
INSERT INTO public.users (id, name, token, created_at) VALUES (8, 'user8', '2477def8-b9e0-4e7f-9281-87dc5ac233f0', '2025-05-18 18:37:30.508788');
INSERT INTO public.users (id, name, token, created_at) VALUES (9, 'user9', '4468c240-5ae7-478c-a4e3-da2f47fd4e66', '2025-05-18 18:37:30.508788');
INSERT INTO public.users (id, name, token, created_at) VALUES (10, 'user10', 'd5b77f38-a39b-4463-8c4b-4e5e070c7c00', '2025-05-18 18:37:30.508788');
INSERT INTO public.users (id, name, token, created_at) VALUES (11, 'user11', '38331b95-0222-4423-94bb-7d174cb15a42', '2025-05-18 18:37:30.508788');
INSERT INTO public.users (id, name, token, created_at) VALUES (12, 'user12', 'b51f4fbb-4d41-4fea-9842-feb6e62be152', '2025-05-18 18:37:30.508788');
INSERT INTO public.users (id, name, token, created_at) VALUES (13, 'user13', '04bc9831-c0d7-4af4-85ba-9d7db009d94c', '2025-05-18 18:37:30.508788');
INSERT INTO public.users (id, name, token, created_at) VALUES (14, 'user14', 'b5ff9b3e-074c-4128-a9e0-fc85bd861b70', '2025-05-18 18:37:30.508788');
INSERT INTO public.users (id, name, token, created_at) VALUES (15, 'user15', '6db449d9-763e-45da-b273-d539de093eb5', '2025-05-18 18:37:30.508788');
INSERT INTO public.users (id, name, token, created_at) VALUES (16, 'user16', '50fa484b-8e23-49b7-a9e7-16ede7fd3624', '2025-05-18 18:37:30.508788');
INSERT INTO public.users (id, name, token, created_at) VALUES (17, 'user17', 'ccdda32f-e2da-49b8-b6b7-a06319e31f53', '2025-05-18 18:37:30.508788');
INSERT INTO public.users (id, name, token, created_at) VALUES (18, 'user18', 'd4950365-285c-4fdc-938d-e6439a3befe4', '2025-05-18 18:37:30.508788');
INSERT INTO public.users (id, name, token, created_at) VALUES (19, 'user19', '55ed85b0-180e-4ac2-9859-dbcd8a98e924', '2025-05-18 18:37:30.508788');
INSERT INTO public.users (id, name, token, created_at) VALUES (20, 'user20', '4dc9946c-72eb-44a0-aded-8d91bde68148', '2025-05-18 18:37:30.508788');
INSERT INTO public.users (id, name, token, created_at) VALUES (21, 'user21', 'ac3939ca-97a3-4df7-9619-f60559ffd4d7', '2025-05-18 18:37:30.508788');
INSERT INTO public.users (id, name, token, created_at) VALUES (22, 'user22', 'f258c654-a434-434a-9308-8527449f8d7a', '2025-05-18 18:37:30.508788');
INSERT INTO public.users (id, name, token, created_at) VALUES (23, 'user23', '48927508-a832-4e76-8fbe-5213abb53690', '2025-05-18 18:37:30.508788');
INSERT INTO public.users (id, name, token, created_at) VALUES (24, 'user24', '8060b45e-4f55-42e9-b5b5-9891c0e10737', '2025-05-18 18:37:30.508788');
INSERT INTO public.users (id, name, token, created_at) VALUES (25, 'user25', '6ad592de-2716-4742-9f37-af8f388e7c90', '2025-05-18 18:37:30.508788');
INSERT INTO public.users (id, name, token, created_at) VALUES (26, 'user26', '2a395824-ee37-49b7-a627-150458154da4', '2025-05-18 18:37:30.508788');
INSERT INTO public.users (id, name, token, created_at) VALUES (27, 'user27', '0e247c58-e27c-438d-a468-598f3218b394', '2025-05-18 18:37:30.508788');
INSERT INTO public.users (id, name, token, created_at) VALUES (28, 'user28', 'd1bf476f-2c93-43cb-898b-8e6616d8590c', '2025-05-18 18:37:30.508788');
INSERT INTO public.users (id, name, token, created_at) VALUES (29, 'user29', 'ba65a0f3-dd15-47a4-b98a-bc64da21d7f8', '2025-05-18 18:37:30.508788');
INSERT INTO public.users (id, name, token, created_at) VALUES (30, 'user30', 'f615126d-8216-46a1-ae28-c1ab61ebd9af', '2025-05-18 18:37:30.508788');
INSERT INTO public.users (id, name, token, created_at) VALUES (31, 'user31', '7d60d1cd-5c7c-4869-8920-8e010f76d7f5', '2025-05-18 18:37:30.508788');
INSERT INTO public.users (id, name, token, created_at) VALUES (32, 'user32', 'b00244fe-3fdc-4179-89a8-fdeed52140e8', '2025-05-18 18:37:30.508788');
INSERT INTO public.users (id, name, token, created_at) VALUES (33, 'user33', '5855c34b-3174-441e-9359-086196e419a4', '2025-05-18 18:37:30.508788');
INSERT INTO public.users (id, name, token, created_at) VALUES (34, 'user34', '7053ba95-43e8-42f3-8734-6854d05cb3b5', '2025-05-18 18:37:30.508788');
INSERT INTO public.users (id, name, token, created_at) VALUES (35, 'user35', 'ac975710-ade4-4eb6-8b38-68fb7ee3ee3e', '2025-05-18 18:37:30.508788');
INSERT INTO public.users (id, name, token, created_at) VALUES (36, 'user36', 'f8f17ece-dfb1-4ea3-9a4a-9d2c0cabc0f1', '2025-05-18 18:37:30.508788');
INSERT INTO public.users (id, name, token, created_at) VALUES (37, 'user37', '0a3bd0d1-5acf-45e0-8030-9eb4990d48ec', '2025-05-18 18:37:30.508788');
INSERT INTO public.users (id, name, token, created_at) VALUES (38, 'user38', '54991c09-6640-4c0b-b303-2fd783d88b9f', '2025-05-18 18:37:30.508788');
INSERT INTO public.users (id, name, token, created_at) VALUES (39, 'user39', '43a5968a-2376-4ff3-ad2e-bf688f3c3914', '2025-05-18 18:37:30.508788');
INSERT INTO public.users (id, name, token, created_at) VALUES (40, 'user40', '745bd99f-ebf1-4619-896c-02297034cce3', '2025-05-18 18:37:30.508788');
INSERT INTO public.users (id, name, token, created_at) VALUES (41, 'user41', '6bcc6f90-569a-456f-9312-d37a4b80fe8a', '2025-05-18 18:37:30.508788');
INSERT INTO public.users (id, name, token, created_at) VALUES (42, 'user42', 'e8e81a08-95b4-4db6-8169-f954d5a546f5', '2025-05-18 18:37:30.508788');
INSERT INTO public.users (id, name, token, created_at) VALUES (43, 'user43', 'c6d035aa-f19f-429b-a349-d3af4360183f', '2025-05-18 18:37:30.508788');
INSERT INTO public.users (id, name, token, created_at) VALUES (44, 'user44', '72493852-b4a5-463a-940a-cfbe54cf3d6b', '2025-05-18 18:37:30.508788');
INSERT INTO public.users (id, name, token, created_at) VALUES (45, 'user45', '4db1877a-edc2-4eac-a6fe-2a6e58cb242e', '2025-05-18 18:37:30.508788');
INSERT INTO public.users (id, name, token, created_at) VALUES (46, 'user46', '138438a7-78ee-42b8-8565-71061dc37cf4', '2025-05-18 18:37:30.508788');
INSERT INTO public.users (id, name, token, created_at) VALUES (47, 'user47', 'a5c81c6c-1056-45af-85b2-657e9f81893f', '2025-05-18 18:37:30.508788');
INSERT INTO public.users (id, name, token, created_at) VALUES (48, 'user48', 'bb4d6730-4c11-466f-afac-5c52e413ab96', '2025-05-18 18:37:30.508788');
INSERT INTO public.users (id, name, token, created_at) VALUES (49, 'user49', '72c40cc0-38a6-4a01-8e56-a39d0bb1e5af', '2025-05-18 18:37:30.508788');
INSERT INTO public.users (id, name, token, created_at) VALUES (50, 'user50', '7374e0ac-880b-4684-8b2e-d06b5b093e50', '2025-05-18 18:37:30.508788');
INSERT INTO public.users (id, name, token, created_at) VALUES (51, 'user51', 'f57ab221-a02b-45c1-b656-ade1c60db2dc', '2025-05-18 18:37:30.508788');
INSERT INTO public.users (id, name, token, created_at) VALUES (52, 'user52', '7b7aa7e8-4ef2-433a-89f4-3d2b89715434', '2025-05-18 18:37:30.508788');


--
-- Data for Name: portfolios; Type: TABLE DATA; Schema: public; Owner: postgres
--

INSERT INTO public.portfolios (id, name, user_id) VALUES (3, 'European Defensive', 1);
INSERT INTO public.portfolios (id, name, user_id) VALUES (9, 'Tech Stocks', 1);
INSERT INTO public.portfolios (id, name, user_id) VALUES (126, 'Retailer', 2);
INSERT INTO public.portfolios (id, name, user_id) VALUES (128, 'Oil Giants', 2);


--
-- Data for Name: archived_responses; Type: TABLE DATA; Schema: public; Owner: postgres
--

INSERT INTO public.archived_responses (id, portfolio_id, "timestamp", original_question, openai_response, summary_tags, user_id) VALUES (241, 126, '2025-06-07 05:04:59.035964', 'ola, objective is emerging market energy', '
    &lt;html&gt;
        &lt;style&gt;
            ul, ol {
                margin-left: 30px; /* Indent list items */
            }
            li {
                margin-bottom: 10px; /* Add spacing between items */
            }
            p {
                margin-left: 10px;
            }
        &lt;/style&gt;
    &lt;body&gt;
        &lt;h2&gt;1‑Sentence Answer&lt;/h2&gt;
&lt;p&gt;Your current portfolio has no exposure to emerging market energy; significant reallocation is needed to align with this objective.&lt;/p&gt;
&lt;h2&gt;Portfolio Impact Analysis&lt;/h2&gt;
&lt;p&gt;The portfolio is concentrated exclusively in a U.S. retail stock (Best Buy), which is unrelated to emerging market energy. No direct news related to emerging markets or energy sectors impacts your holdings. Recent headlines predominantly cover U.S. technology and AI stocks, which do not align with your stated objective. Therefore, existing positions offer no benefit or hedge for exposure to emerging market energy.&lt;/p&gt;
&lt;h2&gt;Recommendations&lt;/h2&gt;
&lt;ol&gt;
&lt;li&gt;&lt;strong&gt;Incrementally divest Best Buy positions (target 0%)&lt;/strong&gt; over 3–6 months to free capital for new investments aligned with emerging market energy. Retail sector exposure does not meet your objective.  &lt;/li&gt;
&lt;li&gt;&lt;strong&gt;Allocate 10–15% of portfolio to Emerging Market Energy Equities and ETFs&lt;/strong&gt; within 3 months. Focus on diversified funds or stocks in oil, gas, and renewables in countries like Brazil, Russia, India, and China.  &lt;/li&gt;
&lt;li&gt;&lt;strong&gt;Consider 5% allocation in Global Energy Infrastructure or Energy Transition ETFs&lt;/strong&gt; over 6 months for diversification and to capture infrastructure growth linked to emerging market energy.  &lt;/li&gt;
&lt;li&gt;&lt;strong&gt;Maintain a diversified core portfolio in developed markets (remaining 70%),&lt;/strong&gt; balancing growth and risk with U.S. and global energy names not currently held, for overall stability.  &lt;/li&gt;
&lt;li&gt;&lt;strong&gt;Review and adjust emerging market allocations annually&lt;/strong&gt; based on commodity prices, geopolitical risks, and energy policy developments to optimize growth and risk.&lt;/li&gt;
&lt;/ol&gt;
&lt;h2&gt;Key Risks &amp;amp; Unknowns&lt;/h2&gt;
&lt;ul&gt;
&lt;li&gt;Emerging markets carry higher geopolitical, currency, and regulatory risks.  &lt;/li&gt;
&lt;li&gt;Energy sector volatility due to commodity price fluctuations, policy changes, and tech disruption (e.g., renewables vs fossil fuels).  &lt;/li&gt;
&lt;li&gt;Potential liquidity issues in smaller emerging market stocks or niche energy infrastructure.  &lt;/li&gt;
&lt;li&gt;Current portfolio concentration poses risk; full transition will take time and may incur opportunity cost or market timing risk.  &lt;/li&gt;
&lt;li&gt;Lack of precise emerging market or energy exposure benchmarks could complicate performance measurement.&lt;/li&gt;
&lt;/ul&gt;
&lt;h2&gt;Confidence (0‑100%)&lt;/h2&gt;
&lt;p&gt;75% – The recommendation aligns with best practice asset allocation and risk management, but specific tactical moves depend on evolving market conditions and emerging market developments.&lt;/p&gt;
&lt;h2&gt;References &amp;amp; Assumptions&lt;/h2&gt;
&lt;ul&gt;
&lt;li&gt;No relevant recent news on emerging market energy equities in retrieved data; recommendations rely on general market knowledge.  &lt;/li&gt;
&lt;li&gt;Assumed your objective prioritizes energy sector exposure specifically in emerging economies, encompassing oil, gas, renewables, and related infrastructure.  &lt;/li&gt;
&lt;li&gt;Current portfolio is U.S.-centric retail stock, lacking any energy or emerging market exposure.&lt;/li&gt;
&lt;/ul&gt;
&lt;h2&gt;Citations&lt;/h2&gt;
&lt;ul&gt;
&lt;li&gt;No direct emerging market energy news retrieved; general thematic focus on U.S. tech/AI stocks from multiple sources (Investopedia, Investor’s Business Daily, NerdWallet).&lt;/li&gt;
&lt;/ul&gt;
    &lt;/body&gt;
    &lt;/html&gt;
    ', NULL, 2);
INSERT INTO public.archived_responses (id, portfolio_id, "timestamp", original_question, openai_response, summary_tags, user_id) VALUES (242, 126, '2025-06-07 14:42:16.979994', 'Is my portfolio in a good place? My goal is dividends and capital gains where possible.', '
    &lt;html&gt;
        &lt;style&gt;
            ul, ol {
                margin-left: 30px; /* Indent list items */
            }
            li {
                margin-bottom: 10px; /* Add spacing between items */
            }
            p {
                margin-left: 10px;
            }
        &lt;/style&gt;
    &lt;body&gt;
        &lt;h2&gt;1‑Sentence Answer&lt;/h2&gt;
&lt;p&gt;Your portfolio, concentrated solely in US and global retail stocks (Best Buy and Walmart), has limited diversification for dividend and capital gains goals; adding diversified dividend payers and non-retail assets would improve income stability and growth potential.&lt;/p&gt;
&lt;h2&gt;Portfolio Impact Analysis&lt;/h2&gt;
&lt;ul&gt;
&lt;li&gt;Walmart and Best Buy operate in the retail sector, which shows some resilience but mixed performance amid inflation and evolving consumer trends.  &lt;/li&gt;
&lt;li&gt;Recent analysis highlights strong dividend performers like Home Depot (retail-related) with steady dividends and buybacks, indicating selective retail dividend opportunities exist.  &lt;/li&gt;
&lt;li&gt;Broader dividend trends favor high-quality REITs, energy stocks, and monthly dividend payers offering better yield and diversification.  &lt;/li&gt;
&lt;li&gt;Eurozone dividend stocks and small-cap dividend stocks under $50 show significant dividend growth potential, suggesting geographic and capitalization diversification could enhance your income.  &lt;/li&gt;
&lt;li&gt;Blue-chip stocks offer reliable dividends and capital appreciation, often with less volatility than single-sector retail concentrated portfolios.&lt;/li&gt;
&lt;/ul&gt;
&lt;h2&gt;Recommendations (Numbered)&lt;/h2&gt;
&lt;ol&gt;
&lt;li&gt;&lt;strong&gt;Diversify sector allocation:&lt;/strong&gt; Allocate ~20% to high-quality REIT ETFs or individual REITs with stable monthly dividends over 6-12 months for steady income and diversification.  &lt;/li&gt;
&lt;li&gt;&lt;strong&gt;Add energy dividend stocks:&lt;/strong&gt; Consider ~10-15% exposure to energy firms like ConocoPhillips or Diamondback Energy for stronger dividend yields (3.5%–4%) and capital gains potential within 6-9 months.  &lt;/li&gt;
&lt;li&gt;&lt;strong&gt;Increase geographic diversification:&lt;/strong&gt; Invest ~15% in Eurozone or emerging market dividend ETFs/stocks to capture yield and growth beyond US retail in 6-12 months.  &lt;/li&gt;
&lt;li&gt;&lt;strong&gt;Introduce blue-chip dividend ETFs or funds:&lt;/strong&gt; Target ~25% allocation to established large-cap dividend payers with growth history over 6-12 months to balance risk and income.  &lt;/li&gt;
&lt;li&gt;&lt;strong&gt;Manage retail concentration:&lt;/strong&gt; Gradually reduce retail stocks exposure toward 30–40% of the portfolio within 6 months to lower sector risk while pursuing dividend and capital gains goals.  &lt;/li&gt;
&lt;/ol&gt;
&lt;h2&gt;Key Risks &amp;amp; Unknowns&lt;/h2&gt;
&lt;ul&gt;
&lt;li&gt;Retail sector vulnerability to economic downturns, shifts in consumer behavior, and inflation pressures.  &lt;/li&gt;
&lt;li&gt;Dividend cuts or freezes in high payout stocks, especially smaller or speculative companies.  &lt;/li&gt;
&lt;li&gt;Macro risks including interest rate changes, inflation volatility, and geopolitical events affecting global markets.  &lt;/li&gt;
&lt;li&gt;Currency risks in international dividend investments.  &lt;/li&gt;
&lt;li&gt;Lack of user&amp;rsquo;s risk tolerance, investment horizon, and income needs limit tailoring of allocation.  &lt;/li&gt;
&lt;/ul&gt;
&lt;h2&gt;Confidence (0‑100%)&lt;/h2&gt;
&lt;p&gt;75% – Recommendations align with classical asset allocation and dividend investing frameworks, supported by current market dividend research, but lack of detailed personal objective data limits precision.&lt;/p&gt;
&lt;h2&gt;References &amp;amp; Assumptions&lt;/h2&gt;
&lt;ul&gt;
&lt;li&gt;Home Depot’s confirmed dividends and buybacks reinforce select retail dividend potential.  &lt;/li&gt;
&lt;li&gt;Energy sector dividend yields near 3.7%–3.9% with capital return strategies provide durable income.  &lt;/li&gt;
&lt;li&gt;REITs&amp;rsquo; mandate to distribute ≥90% taxable income offers steady dividends, suited for income focus.  &lt;/li&gt;
&lt;li&gt;Eurozone and emerging market dividend stocks show yield and growth outperforming broad indexes.  &lt;/li&gt;
&lt;li&gt;Blue-chip dividend funds provide stability, diversification, and some growth potential.  &lt;/li&gt;
&lt;li&gt;Assumed moderate risk tolerance and balanced short- to medium-term horizon for dividend and growth outcomes.&lt;/li&gt;
&lt;/ul&gt;
&lt;h2&gt;Citations&lt;/h2&gt;
&lt;ul&gt;
&lt;li&gt;“Top Wall Street analysts prefer these dividend stocks for consistent returns,” CNBC  &lt;/li&gt;
&lt;li&gt;“2025 Monthly Dividend Stocks List | See All 76 Now | Yields Up To 20.8%,” Sure Dividend  &lt;/li&gt;
&lt;li&gt;“Best-Performing REITs for June 2025 and How to Invest,” NerdWallet  &lt;/li&gt;
&lt;li&gt;“The 10 Best-Performing Eurozone Dividend Stocks,” Morningstar  &lt;/li&gt;
&lt;li&gt;“3 Small-Cap Dividend Stocks Under $50 With Big Potential,” 24/7 Wall St.  &lt;/li&gt;
&lt;li&gt;“7 Best-Performing Blue-Chip Stocks for June 2025,” NerdWallet&lt;/li&gt;
&lt;/ul&gt;
    &lt;/body&gt;
    &lt;/html&gt;
    ', NULL, 2);
INSERT INTO public.archived_responses (id, portfolio_id, "timestamp", original_question, openai_response, summary_tags, user_id) VALUES (243, 128, '2025-06-08 17:02:31.575825', 'What do you recommend for my portfolio? I''m looking for capital growth and consistent income.', '
    &lt;html&gt;
        &lt;style&gt;
            ul, ol {
                margin-left: 30px; /* Indent list items */
            }
            li {
                margin-bottom: 10px; /* Add spacing between items */
            }
            p {
                margin-left: 10px;
            }
        &lt;/style&gt;
    &lt;body&gt;
        &lt;h2&gt;1‑Sentence Answer&lt;/h2&gt;
&lt;p&gt;Balance your energy sector holdings with diversified income and growth assets, emphasize selective renewable energy exposure, and maintain bond allocations for stable income to capture capital growth while ensuring consistent returns.&lt;/p&gt;
&lt;h2&gt;Portfolio Impact Analysis&lt;/h2&gt;
&lt;p&gt;Your portfolio is concentrated in the energy sector with a mix of BP bonds and Shell stocks, providing sector-focused income and growth. Recent news highlights a strong global energy transition toward renewables, with increasing investments and innovation in sustainable energy, though faced with regulatory and financing challenges in Europe. The energy sector is evolving with key players expanding green infrastructure and new technologies like synthetic aviation fuel emerging. This can drive capital growth over the long term but also involves policy risk and market volatility. Bond holdings offer stability but may face interest rate risks amid substantial infrastructure spending needs.&lt;/p&gt;
&lt;h2&gt;Recommendations&lt;/h2&gt;
&lt;ol&gt;
&lt;li&gt;&lt;strong&gt;Increase Renewable Energy Equity Exposure:&lt;/strong&gt; Allocate 10-15% to renewables-focused ETFs or stocks (e.g., wind, solar companies) over 6-12 months to capture growth from the accelerating green energy transition.  &lt;/li&gt;
&lt;li&gt;&lt;strong&gt;Maintain Energy Bonds with Duration Awareness:&lt;/strong&gt; Retain BP bonds but monitor interest rate environment; consider shortening duration or adding inflation-protected bonds within 3-6 months to safeguard income.  &lt;/li&gt;
&lt;li&gt;&lt;strong&gt;Diversify Geographically and Sectorally:&lt;/strong&gt; Add 10-15% allocation to dividend-paying stocks in other sectors (e.g., technology, healthcare) and regions (US, Asia) within 12 months to stabilize income and reduce sector risk.  &lt;/li&gt;
&lt;li&gt;&lt;strong&gt;Consider Sustainable Infrastructure Funds:&lt;/strong&gt; Invest 5-10% in infrastructure or green private credit funds to benefit from stable income and capital growth aligned with climate and energy investments.  &lt;/li&gt;
&lt;li&gt;&lt;strong&gt;Monitor Regulatory and Market Developments:&lt;/strong&gt; Stay alert to EU policy changes and energy market shifts that may affect asset valuations; adjust allocations accordingly on a quarterly basis.&lt;/li&gt;
&lt;/ol&gt;
&lt;h2&gt;Key Risks &amp;amp; Unknowns&lt;/h2&gt;
&lt;ul&gt;
&lt;li&gt;Policy and regulatory changes affecting energy transition investment viability  &lt;/li&gt;
&lt;li&gt;Interest rate changes impacting bond income and valuations  &lt;/li&gt;
&lt;li&gt;Volatility from commodity prices and fossil fuel market fluctuations  &lt;/li&gt;
&lt;li&gt;Execution risk in renewable and sustainable asset investments  &lt;/li&gt;
&lt;li&gt;Technological innovation pace and market adoption uncertainty  &lt;/li&gt;
&lt;/ul&gt;
&lt;h2&gt;Confidence (0‑100%)&lt;/h2&gt;
&lt;p&gt;75% – Solid macro trends toward renewables and infrastructure growth support capital appreciation, but regulatory and interest rate risks introduce moderate uncertainty.&lt;/p&gt;
&lt;h2&gt;References &amp;amp; Assumptions&lt;/h2&gt;
&lt;p&gt;Assumed stable macroeconomic backdrop with ongoing energy transition and policy focus on carbon neutrality by 2050. Relied on recent news confirming growth opportunities in renewables, energy infrastructure needs, and liquidity constraints in EU climate financing.&lt;/p&gt;
&lt;h2&gt;Citations&lt;/h2&gt;
&lt;ul&gt;
&lt;li&gt;“What is green energy’s impact on the economy?”, Business.com  &lt;/li&gt;
&lt;li&gt;“Energy Outlook 2024: TotalEnergies Sets Out Its Vision for Energy Transition by 2050”, TotalEnergies.com  &lt;/li&gt;
&lt;li&gt;“Europe Faces Critical Stagnation in Climate and Environmental Investments”, energynews  &lt;/li&gt;
&lt;li&gt;“EUDCA Report Reveals €100bn Investment Pipeline to 2030”, Data Centre Magazine  &lt;/li&gt;
&lt;li&gt;“TPG Rise Climate acquires Aurora Energy Research to accelerate strategic growth”, Aurora Energy Research  &lt;/li&gt;
&lt;li&gt;“First US Public SAF Producer: XCF Global Launches on Nasdaq with 38M Gallon Production Capacity”, Stock Titan&lt;/li&gt;
&lt;/ul&gt;
    &lt;/body&gt;
    &lt;/html&gt;
    ', NULL, 2);
INSERT INTO public.archived_responses (id, portfolio_id, "timestamp", original_question, openai_response, summary_tags, user_id) VALUES (1, 3, '2025-05-01 10:00:00', 'What are the best defensive stocks in Europe?', 'Consider investing in utilities and healthcare sectors for stable returns.', NULL, 1);
INSERT INTO public.archived_responses (id, portfolio_id, "timestamp", original_question, openai_response, summary_tags, user_id) VALUES (2, 3, '2025-05-02 11:30:00', 'How can I hedge against currency risk in European investments?', 'Use currency-hedged ETFs or invest in companies with global revenue streams.', NULL, 1);
INSERT INTO public.archived_responses (id, portfolio_id, "timestamp", original_question, openai_response, summary_tags, user_id) VALUES (3, 9, '2025-05-03 14:00:00', 'Is it a good time to invest in AI-focused tech stocks?', 'AI is a growing sector; consider companies with strong R&D and market presence.', NULL, 1);
INSERT INTO public.archived_responses (id, portfolio_id, "timestamp", original_question, openai_response, summary_tags, user_id) VALUES (4, 9, '2025-05-04 09:45:00', 'What are the risks of investing in tech startups?', 'Tech startups carry high risk due to competition and scalability challenges.', NULL, 1);
INSERT INTO public.archived_responses (id, portfolio_id, "timestamp", original_question, openai_response, summary_tags, user_id) VALUES (5, 9, '2025-05-05 16:20:00', 'How do I evaluate a tech company before investing?', 'Analyze innovation, market share, and financial health to assess potential.', NULL, 1);
INSERT INTO public.archived_responses (id, portfolio_id, "timestamp", original_question, openai_response, summary_tags, user_id) VALUES (12, 3, '2025-05-12 14:30:00', 'What are the advantages of dividend-paying defensive stocks?', 'Dividend stocks provide regular income and are often less volatile.', NULL, 1);
INSERT INTO public.archived_responses (id, portfolio_id, "timestamp", original_question, openai_response, summary_tags, user_id) VALUES (13, 3, '2025-05-13 09:00:00', 'How do I evaluate European healthcare companies?', 'Assess innovation, regulatory approvals, and market demand for their products.', NULL, 1);
INSERT INTO public.archived_responses (id, portfolio_id, "timestamp", original_question, openai_response, summary_tags, user_id) VALUES (14, 9, '2025-05-14 16:00:00', 'What is the future of cloud computing investments?', 'Cloud computing is expected to grow; focus on leaders like AWS and Azure.', NULL, 1);
INSERT INTO public.archived_responses (id, portfolio_id, "timestamp", original_question, openai_response, summary_tags, user_id) VALUES (15, 9, '2025-05-15 12:45:00', 'What are the risks of investing in semiconductor companies?', 'Semiconductors face supply chain issues and cyclical demand fluctuations.', NULL, 1);
INSERT INTO public.archived_responses (id, portfolio_id, "timestamp", original_question, openai_response, summary_tags, user_id) VALUES (20, 9, '2025-05-20 11:10:00', 'How do I identify tech companies with long-term growth potential?', 'Look for companies with strong innovation, market leadership, and scalability.', NULL, 1);


--
-- Data for Name: assets; Type: TABLE DATA; Schema: public; Owner: postgres
--

INSERT INTO public.assets (id, portfolio_id, ticker, name, asset_type, sector, region, market_price, units_held, is_hedge, hedges_asset) VALUES (18, 3, 'SIEGY', 'Siemens AG', 'stock', 'Manufacturing', 'Europe', 75, 80, false, '');
INSERT INTO public.assets (id, portfolio_id, ticker, name, asset_type, sector, region, market_price, units_held, is_hedge, hedges_asset) VALUES (19, 3, 'VOD', 'Vodafone Group', 'stock', 'Technology', 'Europe', 9, 600, false, '');
INSERT INTO public.assets (id, portfolio_id, ticker, name, asset_type, sector, region, market_price, units_held, is_hedge, hedges_asset) VALUES (22, 9, 'NVDA', 'Nvidia Corp.', 'stock', 'Technology', 'US', 1000, 2, false, NULL);
INSERT INTO public.assets (id, portfolio_id, ticker, name, asset_type, sector, region, market_price, units_held, is_hedge, hedges_asset) VALUES (108, 126, 'bby', 'bestbuy inc.', 'stock', 'Retail', 'US', 13.13, 350, false, '');
INSERT INTO public.assets (id, portfolio_id, ticker, name, asset_type, sector, region, market_price, units_held, is_hedge, hedges_asset) VALUES (109, 126, 'wlmt', 'walmart inc.', 'stock', 'Retail', 'Global', 32.12, 150, false, '');
INSERT INTO public.assets (id, portfolio_id, ticker, name, asset_type, sector, region, market_price, units_held, is_hedge, hedges_asset) VALUES (110, 128, 'BP', 'British Patroleum', 'bond', 'Energy', 'Europe', 981.32, 100, false, '');
INSERT INTO public.assets (id, portfolio_id, ticker, name, asset_type, sector, region, market_price, units_held, is_hedge, hedges_asset) VALUES (111, 128, 'SHL', 'Shell', 'stock', 'Energy', 'US', 1125.5, 50, false, '');
INSERT INTO public.assets (id, portfolio_id, ticker, name, asset_type, sector, region, market_price, units_held, is_hedge, hedges_asset) VALUES (44, 9, 'TSLA', 'Tesla Inc.', 'stock', 'Technology', 'US', 500, 100, false, NULL);
INSERT INTO public.assets (id, portfolio_id, ticker, name, asset_type, sector, region, market_price, units_held, is_hedge, hedges_asset) VALUES (45, 9, 'MSFT', 'Microsoft Corp.', 'stock', 'Technology', 'US', 200, 200, false, NULL);


--
-- Data for Name: llm_memory; Type: TABLE DATA; Schema: public; Owner: postgres
--



--
-- Data for Name: user_sessions; Type: TABLE DATA; Schema: public; Owner: postgres
--

INSERT INTO public.user_sessions (id, user_id, "timestamp", total_prompts_used) VALUES (89, 2, '2025-06-08 20:57:29.017389', 0);


--
-- Name: archived_responses_id_seq; Type: SEQUENCE SET; Schema: public; Owner: postgres
--

SELECT pg_catalog.setval('public.archived_responses_id_seq', 243, true);


--
-- Name: assets_id_seq; Type: SEQUENCE SET; Schema: public; Owner: postgres
--

SELECT pg_catalog.setval('public.assets_id_seq', 111, true);


--
-- Name: llm_memory_id_seq; Type: SEQUENCE SET; Schema: public; Owner: postgres
--

SELECT pg_catalog.setval('public.llm_memory_id_seq', 226, true);


--
-- Name: portfolios_id_seq; Type: SEQUENCE SET; Schema: public; Owner: postgres
--

SELECT pg_catalog.setval('public.portfolios_id_seq', 128, true);


--
-- Name: user_sessions_id_seq; Type: SEQUENCE SET; Schema: public; Owner: postgres
--

SELECT pg_catalog.setval('public.user_sessions_id_seq', 89, true);


--
-- Name: users_id_seq; Type: SEQUENCE SET; Schema: public; Owner: postgres
--

SELECT pg_catalog.setval('public.users_id_seq', 52, true);


--
-- PostgreSQL database dump complete
--

